Trade#,Type,Signal,Date/Time,Price,Contracts,Profit€,Profit%,Cum. Profit€
1,Entry Short,Short,17-05-2021 21:20,2.1682,18,0.63,1.76,0.63
1,Exit Short,Short Exit,17-05-2021 21:35,2.1317,18,0.63,1.76,0.63
2,Entry Long,Long,17-05-2021 22:05,2.1446,18,-0.17,-0.44,0.45
2,Exit Long,Long Exit,17-05-2021 22:10,2.1368,18,-0.17,-0.44,0.45
3,Entry Short,Short,18-05-2021 09:00,2.0309,19,-0.26,-0.52,0.19
3,Exit Short,Short Exit,18-05-2021 09:05,2.0431,19,-0.26,-0.52,0.19
4,Entry Long,Long,18-05-2021 18:40,2.0941,19,0.27,0.69,0.47
4,Exit Long,Long Exit,18-05-2021 19:10,2.1102,19,0.27,0.69,0.47
5,Entry Long,Long,18-05-2021 23:30,2.0065,19,-0.47,-1.22,0.001
5,Exit Long,Long Exit,18-05-2021 23:35,1.9836,19,-0.47,-1.22,0.001
6,Entry Short,Short,19-05-2021 00:40,2.0095,19,0.51,1.48,0.51
6,Exit Short,Short Exit,19-05-2021 01:10,1.9813,19,0.51,1.48,0.51
7,Entry Long,Long,19-05-2021 04:55,2.0299,19,-0.14,-0.37,0.36
7,Exit Long,Long Exit,19-05-2021 05:00,2.024,19,-0.14,-0.37,0.36
8,Entry Long,Long,19-05-2021 07:05,2.0015,19,0.07,0.17,0.43
8,Exit Long,Long Exit,19-05-2021 07:10,2.0066,19,0.07,0.17,0.43
9,Entry Short,Short,19-05-2021 07:55,2.0155,19,0.41,1.22,0.84
9,Exit Short,Short Exit,19-05-2021 08:00,1.9925,19,0.41,1.22,0.84
10,Entry Short,Short,19-05-2021 09:35,2.0038,19,0.28,0.88,1.11
10,Exit Short,Short Exit,19-05-2021 09:45,1.9877,19,0.28,0.88,1.11
11,Entry Long,Long,19-05-2021 12:25,1.8512,21,-0.83,-2.13,0.28
11,Exit Long,Long Exit,19-05-2021 13:05,1.8133,21,-0.83,-2.13,0.28
12,Entry Short,Short,19-05-2021 14:40,1.7143,23,-1.3,-3.14,-1.02
12,Exit Short,Short Exit,19-05-2021 15:10,1.7695,23,-1.3,-3.14,-1.02
13,Entry Short,Short,19-05-2021 15:25,1.7461,22,0.53,1.53,-0.49
13,Exit Short,Short Exit,19-05-2021 15:45,1.7208,22,0.53,1.53,-0.49
14,Entry Long,Long,19-05-2021 20:05,1.693,23,-0.4,-1.02,-0.89
14,Exit Long,Long Exit,19-05-2021 20:10,1.677,23,-0.4,-1.02,-0.89
15,Entry Long,Long,20-05-2021 09:15,1.5426,25,-1.12,-2.91,-2.01
15,Exit Long,Long Exit,20-05-2021 09:20,1.499,25,-1.12,-2.91,-2.01
16,Entry Short,Short,21-05-2021 14:55,1.7269,23,0.28,0.87,-1.73
16,Exit Short,Short Exit,21-05-2021 15:00,1.7133,23,0.28,0.87,-1.73
17,Entry Long,Long,21-05-2021 15:30,1.7039,23,0.56,1.44,-1.16
17,Exit Long,Long Exit,21-05-2021 15:35,1.7298,23,0.56,1.44,-1.16
18,Entry Short,Short,21-05-2021 16:15,1.7147,23,0.64,1.78,-0.53
18,Exit Short,Short Exit,21-05-2021 17:05,1.6856,23,0.64,1.78,-0.53
19,Entry Short,Short,21-05-2021 21:20,1.7038,23,0.27,0.84,-0.26
19,Exit Short,Short Exit,21-05-2021 21:25,1.6908,23,0.27,0.84,-0.26
20,Entry Long,Long,21-05-2021 22:15,1.6788,23,0.34,0.88,0.08
20,Exit Long,Long Exit,21-05-2021 22:20,1.6949,23,0.34,0.88,0.08
21,Entry Short,Short,21-05-2021 23:15,1.6708,23,1.18,3.22,1.26
21,Exit Short,Short Exit,21-05-2021 23:20,1.6183,23,1.18,3.22,1.26
22,Entry Long,Long,22-05-2021 00:00,1.5877,25,0.35,0.89,1.61
22,Exit Long,Long Exit,22-05-2021 00:05,1.6031,25,0.35,0.89,1.61
23,Entry Short,Short,22-05-2021 01:50,1.5831,25,0.65,1.8,2.26
23,Exit Short,Short Exit,22-05-2021 01:55,1.5559,25,0.65,1.8,2.26
24,Entry Short,Short,22-05-2021 03:10,1.553,25,0.84,2.33,3.1
24,Exit Short,Short Exit,22-05-2021 03:20,1.518,25,0.84,2.33,3.1
25,Entry Short,Short,22-05-2021 04:10,1.545,25,0.64,1.82,3.75
25,Exit Short,Short Exit,22-05-2021 04:20,1.5181,25,0.64,1.82,3.75
26,Entry Long,Long,22-05-2021 05:35,1.4393,27,0.5,1.29,4.25
26,Exit Long,Long Exit,22-05-2021 05:40,1.459,27,0.5,1.29,4.25
27,Entry Short,Short,22-05-2021 11:35,1.5545,25,0.63,1.79,4.88
27,Exit Short,Short Exit,22-05-2021 11:40,1.5279,25,0.63,1.79,4.88
28,Entry Long,Long,22-05-2021 14:40,1.4247,28,1.58,3.95,6.46
28,Exit Long,Long Exit,22-05-2021 17:15,1.4822,28,1.58,3.95,6.46
29,Entry Short,Short,23-05-2021 01:40,1.5325,26,0.65,1.79,7.11
29,Exit Short,Short Exit,23-05-2021 02:20,1.5063,26,0.65,1.79,7.11
30,Entry Long,Long,23-05-2021 03:50,1.4621,27,-0.75,-1.89,6.36
30,Exit Long,Long Exit,23-05-2021 04:55,1.4356,27,-0.75,-1.89,6.36
31,Entry Short,Short,23-05-2021 05:55,1.4853,26,0.08,0.38,6.44
31,Exit Short,Short Exit,23-05-2021 06:00,1.4809,26,0.08,0.38,6.44
32,Entry Short,Short,23-05-2021 08:30,1.4933,26,0.32,0.98,6.76
32,Exit Short,Short Exit,23-05-2021 08:35,1.4799,26,0.32,0.98,6.76
33,Entry Long,Long,23-05-2021 09:20,1.4901,26,0.93,2.41,7.69
33,Exit Long,Long Exit,23-05-2021 09:45,1.5272,26,0.93,2.41,7.69
34,Entry Short,Short,23-05-2021 13:00,1.481,27,0.42,1.22,8.12
34,Exit Short,Short Exit,23-05-2021 13:05,1.4641,27,0.42,1.22,8.12
35,Entry Long,Long,23-05-2021 13:40,1.471,27,0.29,0.74,8.41
35,Exit Long,Long Exit,23-05-2021 13:45,1.483,27,0.29,0.74,8.41
36,Entry Long,Long,23-05-2021 14:40,1.455,27,-0.4,-1.01,8.01
36,Exit Long,Long Exit,23-05-2021 15:00,1.4414,27,-0.4,-1.01,8.01
37,Entry Long,Long,23-05-2021 17:10,1.3672,29,-0.78,-1.96,7.24
37,Exit Long,Long Exit,23-05-2021 17:15,1.3415,29,-0.78,-1.96,7.24
38,Entry Long,Long,23-05-2021 17:35,1.334,29,-0.16,-0.42,7.07
38,Exit Long,Long Exit,23-05-2021 17:40,1.3295,29,-0.16,-0.42,7.07
39,Entry Short,Short,23-05-2021 20:00,1.2799,31,1.1,2.92,8.17
39,Exit Short,Short Exit,23-05-2021 21:05,1.2435,31,1.1,2.92,8.17
40,Entry Short,Short,23-05-2021 23:20,1.1437,34,-1.04,-2.52,7.13
40,Exit Short,Short Exit,23-05-2021 23:25,1.1734,34,-1.04,-2.52,7.13
41,Entry Short,Short,24-05-2021 00:00,1.1939,33,0.86,2.35,7.99
41,Exit Short,Short Exit,24-05-2021 00:10,1.1668,33,0.86,2.35,7.99
42,Entry Short,Short,24-05-2021 00:40,1.185,33,0.98,2.67,8.98
42,Exit Short,Short Exit,24-05-2021 00:45,1.1543,33,0.98,2.67,8.98
43,Entry Long,Long,24-05-2021 02:00,1.113,35,1.95,4.99,10.92
43,Exit Long,Long Exit,24-05-2021 02:05,1.1695,35,1.95,4.99,10.92
44,Entry Short,Short,24-05-2021 02:35,1.1419,35,-0.88,-2.03,10.05
44,Exit Short,Short Exit,24-05-2021 02:40,1.166,35,-0.88,-2.03,10.05
45,Entry Short,Short,24-05-2021 03:00,1.152,34,1.24,3.33,11.29
45,Exit Short,Short Exit,24-05-2021 03:05,1.1145,34,1.24,3.33,11.29
46,Entry Short,Short,24-05-2021 03:45,1.1357,35,-0.84,-1.95,10.45
46,Exit Short,Short Exit,24-05-2021 04:15,1.1588,35,-0.84,-1.95,10.45
47,Entry Short,Short,24-05-2021 04:50,1.1509,34,-0.44,-0.95,10.01
47,Exit Short,Short Exit,24-05-2021 04:55,1.1628,34,-0.44,-0.95,10.01
48,Entry Long,Long,25-05-2021 13:50,1.5419,25,-0.57,-1.49,9.44
48,Exit Long,Long Exit,25-05-2021 13:55,1.5202,25,-0.57,-1.49,9.44
49,Entry Long,Long,25-05-2021 20:00,1.4775,27,0.65,1.62,10.09
49,Exit Long,Long Exit,25-05-2021 20:05,1.5027,27,0.65,1.62,10.09
50,Entry Long,Long,25-05-2021 20:45,1.492,26,-1.02,-2.62,9.07
50,Exit Long,Long Exit,25-05-2021 20:55,1.4541,26,-1.02,-2.62,9.07
51,Entry Long,Long,26-05-2021 05:15,1.5177,26,-0.23,-0.59,8.84
51,Exit Long,Long Exit,26-05-2021 05:30,1.5099,26,-0.23,-0.59,8.84
52,Entry Long,Long,27-05-2021 00:45,1.7112,23,-0.35,-0.89,8.49
52,Exit Long,Long Exit,27-05-2021 00:55,1.6973,23,-0.35,-0.89,8.49
53,Entry Long,Long,27-05-2021 10:45,1.6692,23,-0.29,-0.74,8.2
53,Exit Long,Long Exit,27-05-2021 10:50,1.6581,23,-0.29,-0.74,8.2
54,Entry Long,Long,27-05-2021 12:35,1.6653,24,-0.73,-1.84,7.47
54,Exit Long,Long Exit,27-05-2021 12:45,1.636,24,-0.73,-1.84,7.47
55,Entry Short,Short,27-05-2021 13:20,1.64,24,-0.57,-1.3,6.89
55,Exit Short,Short Exit,27-05-2021 13:30,1.6626,24,-0.57,-1.3,6.89
56,Entry Long,Long,28-05-2021 01:40,1.6873,23,0.15,0.38,7.04
56,Exit Long,Long Exit,28-05-2021 01:45,1.695,23,0.15,0.38,7.04
57,Entry Long,Long,28-05-2021 02:00,1.6995,23,0.13,0.32,7.16
57,Exit Long,Long Exit,28-05-2021 02:05,1.7063,23,0.13,0.32,7.16
58,Entry Short,Short,28-05-2021 02:40,1.703,23,-0.17,-0.28,6.99
58,Exit Short,Short Exit,28-05-2021 02:50,1.7091,23,-0.17,-0.28,6.99
59,Entry Short,Short,28-05-2021 03:15,1.7056,23,0.1,0.4,7.09
59,Exit Short,Short Exit,28-05-2021 03:20,1.7001,23,0.1,0.4,7.09
60,Entry Short,Short,28-05-2021 07:10,1.6722,23,-0.3,-0.62,6.79
60,Exit Short,Short Exit,28-05-2021 07:25,1.6839,23,-0.3,-0.62,6.79
61,Entry Short,Short,28-05-2021 07:40,1.6701,23,0.44,1.3,7.22
61,Exit Short,Short Exit,28-05-2021 07:50,1.6498,23,0.44,1.3,7.22
62,Entry Long,Long,28-05-2021 09:25,1.6671,23,-0.56,-1.47,6.66
62,Exit Long,Long Exit,28-05-2021 09:30,1.6439,23,-0.56,-1.47,6.66
63,Entry Short,Short,28-05-2021 09:35,1.6438,24,0.53,1.51,7.19
63,Exit Short,Short Exit,28-05-2021 10:00,1.6203,24,0.53,1.51,7.19
64,Entry Short,Short,28-05-2021 13:05,1.6663,24,0.21,0.67,7.4
64,Exit Short,Short Exit,28-05-2021 13:10,1.6564,24,0.21,0.67,7.4
65,Entry Long,Long,28-05-2021 15:15,1.5467,25,-0.51,-1.33,6.88
65,Exit Long,Long Exit,28-05-2021 15:20,1.5274,25,-0.51,-1.33,6.88
66,Entry Short,Short,28-05-2021 16:40,1.5432,25,-0.66,-1.56,6.22
66,Exit Short,Short Exit,28-05-2021 16:55,1.5685,25,-0.66,-1.56,6.22
67,Entry Short,Short,28-05-2021 17:25,1.5495,25,0.55,1.57,6.77
67,Exit Short,Short Exit,28-05-2021 17:55,1.5264,25,0.55,1.57,6.77
68,Entry Long,Long,28-05-2021 18:45,1.5144,26,-0.7,-1.78,6.07
68,Exit Long,Long Exit,28-05-2021 20:25,1.4887,26,-0.7,-1.78,6.07
69,Entry Long,Long,29-05-2021 01:50,1.5332,26,-0.39,-0.99,5.67
69,Exit Long,Long Exit,29-05-2021 01:55,1.5193,26,-0.39,-0.99,5.67
70,Entry Short,Short,29-05-2021 03:00,1.5361,26,0.35,1.04,6.02
70,Exit Short,Short Exit,29-05-2021 03:05,1.5214,26,0.35,1.04,6.02
71,Entry Short,Short,29-05-2021 05:35,1.542,25,0.64,1.83,6.67
71,Exit Short,Short Exit,29-05-2021 05:50,1.515,25,0.64,1.83,6.67
72,Entry Short,Short,29-05-2021 13:15,1.5511,25,0.28,0.87,6.95
72,Exit Short,Short Exit,29-05-2021 13:20,1.5388,25,0.28,0.87,6.95
73,Entry Short,Short,29-05-2021 14:50,1.5409,25,0.3,0.94,7.25
73,Exit Short,Short Exit,29-05-2021 15:50,1.5276,25,0.3,0.94,7.25
74,Entry Long,Long,29-05-2021 16:40,1.505,26,-0.11,-0.29,7.14
74,Exit Long,Long Exit,29-05-2021 16:45,1.5019,26,-0.11,-0.29,7.14
75,Entry Long,Long,29-05-2021 18:05,1.469,27,0.07,0.18,7.21
75,Exit Long,Long Exit,29-05-2021 18:10,1.4728,27,0.07,0.18,7.21
76,Entry Short,Short,29-05-2021 19:10,1.4778,27,-0.33,-0.68,6.87
76,Exit Short,Short Exit,29-05-2021 19:35,1.489,27,-0.33,-0.68,6.87
77,Entry Short,Short,29-05-2021 19:55,1.4787,27,0.09,0.38,6.96
77,Exit Short,Short Exit,29-05-2021 20:00,1.4743,27,0.09,0.38,6.96
78,Entry Long,Long,29-05-2021 20:40,1.4807,27,0.14,0.35,7.1
78,Exit Long,Long Exit,29-05-2021 20:50,1.487,27,0.14,0.35,7.1
79,Entry Short,Short,29-05-2021 21:05,1.4622,27,0.67,1.86,7.77
79,Exit Short,Short Exit,29-05-2021 21:50,1.4362,27,0.67,1.86,7.77
80,Entry Short,Short,29-05-2021 23:20,1.4176,28,0.52,1.48,8.29
80,Exit Short,Short Exit,30-05-2021 00:10,1.3978,28,0.52,1.48,8.29
81,Entry Long,Long,30-05-2021 00:45,1.3983,28,0.36,0.92,8.65
81,Exit Long,Long Exit,30-05-2021 01:00,1.4123,28,0.36,0.92,8.65
82,Entry Short,Short,30-05-2021 02:10,1.3889,28,0.6,1.7,9.25
82,Exit Short,Short Exit,30-05-2021 02:45,1.3664,28,0.6,1.7,9.25
83,Entry Long,Long,30-05-2021 03:15,1.348,29,0.13,0.34,9.38
83,Exit Long,Long Exit,30-05-2021 03:20,1.3536,29,0.13,0.34,9.38
84,Entry Long,Long,30-05-2021 04:45,1.3634,29,-0.34,-0.87,9.04
84,Exit Long,Long Exit,30-05-2021 05:10,1.3526,29,-0.34,-0.87,9.04
85,Entry Short,Short,30-05-2021 05:15,1.3495,29,-0.67,-1.56,8.36
85,Exit Short,Short Exit,30-05-2021 06:05,1.3716,29,-0.67,-1.56,8.36
86,Entry Short,Short,31-05-2021 05:45,1.6305,24,0.24,0.77,8.6
86,Exit Short,Short Exit,31-05-2021 06:00,1.6192,24,0.24,0.77,8.6
87,Entry Long,Long,31-05-2021 08:35,1.5746,25,-0.31,-0.79,8.29
87,Exit Long,Long Exit,31-05-2021 09:00,1.5634,25,-0.31,-0.79,8.29
88,Entry Short,Short,31-05-2021 09:20,1.5775,25,1.17,3.13,9.47
88,Exit Short,Short Exit,31-05-2021 11:05,1.5293,25,1.17,3.13,9.47
89,Entry Short,Short,31-05-2021 12:05,1.5361,26,-0.64,-1.45,8.82
89,Exit Short,Short Exit,31-05-2021 12:25,1.5596,26,-0.64,-1.45,8.82
90,Entry Short,Short,31-05-2021 12:40,1.55,25,0.3,0.94,9.13
90,Exit Short,Short Exit,31-05-2021 12:45,1.5367,25,0.3,0.94,9.13
91,Entry Short,Short,31-05-2021 13:15,1.5422,25,-0.6,-1.4,8.52
91,Exit Short,Short Exit,31-05-2021 14:15,1.5651,25,-0.6,-1.4,8.52
92,Entry Long,Long,02-06-2021 01:00,1.7007,23,-0.33,-0.86,8.19
92,Exit Long,Long Exit,02-06-2021 01:05,1.6875,23,-0.33,-0.86,8.19
93,Entry Long,Long,03-06-2021 06:05,1.767,22,-0.23,-0.58,7.96
93,Exit Long,Long Exit,03-06-2021 06:35,1.7581,22,-0.23,-0.58,7.96
94,Entry Short,Short,03-06-2021 07:15,1.762,22,0.24,0.77,8.2
94,Exit Short,Short Exit,03-06-2021 07:35,1.7498,22,0.24,0.77,8.2
95,Entry Long,Long,03-06-2021 08:05,1.7376,23,0.13,0.33,8.33
95,Exit Long,Long Exit,03-06-2021 08:10,1.7448,23,0.13,0.33,8.33
96,Entry Short,Short,03-06-2021 09:00,1.7532,22,-0.25,-0.48,8.08
96,Exit Short,Short Exit,03-06-2021 09:05,1.7631,22,-0.25,-0.48,8.08
97,Entry Long,Long,03-06-2021 11:20,1.7302,23,-0.28,-0.7,7.8
97,Exit Long,Long Exit,03-06-2021 11:30,1.7195,23,-0.28,-0.7,7.8
98,Entry Long,Long,04-06-2021 04:55,1.8196,21,0.01,0.04,7.82
98,Exit Long,Long Exit,04-06-2021 05:00,1.8217,21,0.01,0.04,7.82
99,Entry Short,Short,04-06-2021 12:10,1.745,22,-0.35,-0.76,7.46
99,Exit Short,Short Exit,04-06-2021 12:25,1.7597,22,-0.35,-0.76,7.46
100,Entry Short,Short,04-06-2021 12:50,1.7589,22,0.21,0.71,7.68
100,Exit Short,Short Exit,04-06-2021 13:15,1.7478,22,0.21,0.71,7.68
101,Entry Short,Short,04-06-2021 13:20,1.7438,22,0.41,1.24,8.09
101,Exit Short,Short Exit,04-06-2021 14:05,1.7236,22,0.41,1.24,8.09
102,Entry Long,Long,04-06-2021 14:55,1.6859,23,0.35,0.91,8.44
102,Exit Long,Long Exit,04-06-2021 15:05,1.7026,23,0.35,0.91,8.44
103,Entry Long,Long,04-06-2021 16:35,1.6566,24,0.82,2.06,9.26
103,Exit Long,Long Exit,04-06-2021 18:40,1.692,24,0.82,2.06,9.26
104,Entry Short,Short,05-06-2021 18:10,1.7674,22,0.11,0.43,9.37
104,Exit Short,Short Exit,05-06-2021 18:15,1.7612,22,0.11,0.43,9.37
105,Entry Long,Long,05-06-2021 20:45,1.6856,23,-0.31,-0.81,9.05
105,Exit Long,Long Exit,05-06-2021 20:50,1.6733,23,-0.31,-0.81,9.05
106,Entry Short,Short,05-06-2021 21:55,1.6878,23,0.22,0.74,9.28
106,Exit Short,Short Exit,05-06-2021 22:00,1.6767,23,0.22,0.74,9.28
107,Entry Short,Short,05-06-2021 22:40,1.6802,23,0.22,0.73,9.5
107,Exit Short,Short Exit,05-06-2021 22:55,1.6692,23,0.22,0.73,9.5
108,Entry Long,Long,06-06-2021 00:25,1.6792,23,0.33,0.85,9.83
108,Exit Long,Long Exit,06-06-2021 00:50,1.6949,23,0.33,0.85,9.83
109,Entry Short,Short,06-06-2021 03:40,1.6787,23,-0.16,-0.26,9.67
109,Exit Short,Short Exit,06-06-2021 03:45,1.6844,23,-0.16,-0.26,9.67
110,Entry Short,Short,06-06-2021 03:55,1.6805,23,0.1,0.41,9.77
110,Exit Short,Short Exit,06-06-2021 04:00,1.6749,23,0.1,0.41,9.77
111,Entry Short,Short,06-06-2021 04:40,1.6787,23,0.06,0.32,9.83
111,Exit Short,Short Exit,06-06-2021 04:45,1.6746,23,0.06,0.32,9.83
112,Entry Short,Short,06-06-2021 05:50,1.6746,23,0.22,0.72,10.04
112,Exit Short,Short Exit,06-06-2021 06:15,1.6639,23,0.22,0.72,10.04
113,Entry Short,Short,06-06-2021 07:45,1.6302,24,-0.53,-1.2,9.51
113,Exit Short,Short Exit,06-06-2021 08:05,1.651,24,-0.53,-1.2,9.51
114,Entry Short,Short,06-06-2021 21:35,1.6763,23,0.1,0.41,9.61
114,Exit Short,Short Exit,06-06-2021 22:15,1.6708,23,0.1,0.41,9.61
115,Entry Long,Long,06-06-2021 22:50,1.6613,24,0.02,0.04,9.63
115,Exit Long,Long Exit,06-06-2021 22:55,1.6633,24,0.02,0.04,9.63
116,Entry Long,Long,06-06-2021 23:30,1.6617,24,0.11,0.27,9.73
116,Exit Long,Long Exit,06-06-2021 23:45,1.6676,24,0.11,0.27,9.73
117,Entry Short,Short,07-06-2021 02:05,1.6819,23,0.18,0.63,9.92
117,Exit Short,Short Exit,07-06-2021 03:00,1.6727,23,0.18,0.63,9.92
118,Entry Long,Long,07-06-2021 03:55,1.6685,23,-0.05,-0.14,9.86
118,Exit Long,Long Exit,07-06-2021 04:00,1.6675,23,-0.05,-0.14,9.86
119,Entry Long,Long,07-06-2021 04:30,1.664,24,-0.1,-0.24,9.77
119,Exit Long,Long Exit,07-06-2021 04:35,1.6613,24,-0.1,-0.24,9.77
120,Entry Long,Long,08-06-2021 02:30,1.6939,23,-0.37,-0.96,9.39
120,Exit Long,Long Exit,08-06-2021 03:00,1.679,23,-0.37,-0.96,9.39
121,Entry Long,Long,08-06-2021 03:40,1.6737,23,-0.14,-0.37,9.25
121,Exit Long,Long Exit,08-06-2021 03:45,1.6688,23,-0.14,-0.37,9.25
122,Entry Long,Long,08-06-2021 04:15,1.6611,24,-0.1,-0.24,9.15
122,Exit Long,Long Exit,08-06-2021 04:20,1.6584,24,-0.1,-0.24,9.15
123,Entry Short,Short,08-06-2021 05:20,1.6705,23,0.13,0.51,9.29
123,Exit Short,Short Exit,08-06-2021 05:30,1.6633,23,0.13,0.51,9.29
124,Entry Long,Long,08-06-2021 09:10,1.5824,25,-0.71,-1.8,8.58
124,Exit Long,Long Exit,08-06-2021 09:30,1.5552,25,-0.71,-1.8,8.58
125,Entry Short,Short,08-06-2021 10:35,1.5691,25,-0.25,-0.49,8.32
125,Exit Short,Short Exit,08-06-2021 10:50,1.578,25,-0.25,-0.49,8.32
126,Entry Short,Short,08-06-2021 11:05,1.571,25,0.19,0.65,8.51
126,Exit Short,Short Exit,08-06-2021 11:30,1.562,25,0.19,0.65,8.51
127,Entry Short,Short,08-06-2021 13:30,1.5228,26,-0.35,-0.71,8.17
127,Exit Short,Short Exit,08-06-2021 13:35,1.5349,26,-0.35,-0.71,8.17
128,Entry Short,Short,08-06-2021 14:00,1.5316,26,0.22,0.72,8.39
128,Exit Short,Short Exit,08-06-2021 14:20,1.5218,26,0.22,0.72,8.39
129,Entry Long,Long,08-06-2021 16:20,1.5185,26,0.5,1.28,8.9
129,Exit Long,Long Exit,08-06-2021 16:25,1.5391,26,0.5,1.28,8.9
130,Entry Short,Short,08-06-2021 16:55,1.5332,26,-0.23,-0.43,8.66
130,Exit Short,Short Exit,08-06-2021 17:00,1.541,26,-0.23,-0.43,8.66
131,Entry Long,Long,08-06-2021 20:15,1.524,26,0.3,0.76,8.96
131,Exit Long,Long Exit,08-06-2021 20:55,1.5368,26,0.3,0.76,8.96
132,Entry Long,Long,08-06-2021 23:35,1.4561,27,-0.22,-0.56,8.74
132,Exit Long,Long Exit,08-06-2021 23:40,1.4491,27,-0.22,-0.56,8.74
133,Entry Long,Long,09-06-2021 00:40,1.4208,28,0.38,0.95,9.12
133,Exit Long,Long Exit,09-06-2021 00:45,1.4355,28,0.38,0.95,9.12
134,Entry Long,Long,09-06-2021 11:40,1.4995,26,0.4,1.03,9.52
134,Exit Long,Long Exit,09-06-2021 11:45,1.5162,26,0.4,1.03,9.52
135,Entry Long,Long,10-06-2021 11:55,1.6044,24,0.15,0.38,9.67
135,Exit Long,Long Exit,10-06-2021 12:00,1.6118,24,0.15,0.38,9.67
136,Entry Long,Long,10-06-2021 14:45,1.5754,25,-0.14,-0.36,9.53
136,Exit Long,Long Exit,10-06-2021 14:50,1.571,25,-0.14,-0.36,9.53
137,Entry Short,Short,10-06-2021 16:30,1.5725,25,0.18,0.61,9.71
137,Exit Short,Short Exit,10-06-2021 16:35,1.5641,25,0.18,0.61,9.71
138,Entry Short,Short,10-06-2021 17:05,1.5655,25,-0.29,-0.59,9.41
138,Exit Short,Short Exit,10-06-2021 17:20,1.576,25,-0.29,-0.59,9.41
139,Entry Long,Long,10-06-2021 18:25,1.5438,25,0.03,0.07,9.44
139,Exit Long,Long Exit,10-06-2021 18:30,1.5461,25,0.03,0.07,9.44
140,Entry Long,Long,10-06-2021 22:45,1.5634,25,0.08,0.21,9.52
140,Exit Long,Long Exit,10-06-2021 22:55,1.568,25,0.08,0.21,9.52
141,Entry Short,Short,10-06-2021 23:10,1.5499,25,0.67,1.88,10.19
141,Exit Short,Short Exit,11-06-2021 02:10,1.522,25,0.67,1.88,10.19
142,Entry Long,Long,11-06-2021 02:50,1.5298,26,0.18,0.46,10.37
142,Exit Long,Long Exit,11-06-2021 03:25,1.538,26,0.18,0.46,10.37
143,Entry Short,Short,11-06-2021 03:40,1.5304,26,-0.26,-0.49,10.11
143,Exit Short,Short Exit,11-06-2021 03:45,1.5391,26,-0.26,-0.49,10.11
144,Entry Short,Short,11-06-2021 03:55,1.5298,26,-0.28,-0.55,9.83
144,Exit Short,Short Exit,11-06-2021 04:00,1.5395,26,-0.28,-0.55,9.83
145,Entry Short,Short,11-06-2021 04:10,1.5314,26,0.26,0.81,10.09
145,Exit Short,Short Exit,11-06-2021 05:05,1.5202,26,0.26,0.81,10.09
146,Entry Short,Short,11-06-2021 08:10,1.5498,25,0.24,0.77,10.33
146,Exit Short,Short Exit,11-06-2021 08:45,1.5391,25,0.24,0.77,10.33
147,Entry Long,Long,11-06-2021 09:20,1.5318,26,-0.21,-0.52,10.12
147,Exit Long,Long Exit,11-06-2021 09:25,1.5251,26,-0.21,-0.52,10.12
148,Entry Long,Long,11-06-2021 15:45,1.5049,26,-0.07,-0.17,10.05
148,Exit Long,Long Exit,11-06-2021 15:50,1.5035,26,-0.07,-0.17,10.05
149,Entry Long,Long,11-06-2021 16:20,1.5032,26,0.15,0.39,10.21
149,Exit Long,Long Exit,11-06-2021 16:30,1.5103,26,0.15,0.39,10.21
150,Entry Short,Short,11-06-2021 16:50,1.5018,26,-0.33,-0.68,9.88
150,Exit Short,Short Exit,11-06-2021 17:00,1.5132,26,-0.33,-0.68,9.88
151,Entry Short,Short,11-06-2021 17:25,1.5144,26,-0.09,-0.07,9.79
151,Exit Short,Short Exit,11-06-2021 17:30,1.5167,26,-0.09,-0.07,9.79
152,Entry Short,Short,11-06-2021 17:35,1.511,26,-0.23,-0.44,9.55
152,Exit Short,Short Exit,11-06-2021 18:05,1.5188,26,-0.23,-0.44,9.55
153,Entry Long,Long,12-06-2021 01:15,1.4953,26,-0.16,-0.4,9.4
153,Exit Long,Long Exit,12-06-2021 01:20,1.4905,26,-0.16,-0.4,9.4
154,Entry Short,Short,12-06-2021 03:05,1.4769,27,0.13,0.48,9.52
154,Exit Short,Short Exit,12-06-2021 03:10,1.471,27,0.13,0.48,9.52
155,Entry Long,Long,12-06-2021 04:05,1.46,27,0.14,0.35,9.66
155,Exit Long,Long Exit,12-06-2021 04:10,1.4663,27,0.14,0.35,9.66
156,Entry Short,Short,12-06-2021 07:45,1.443,27,0.21,0.7,9.87
156,Exit Short,Short Exit,12-06-2021 08:10,1.4341,27,0.21,0.7,9.87
157,Entry Long,Long,12-06-2021 09:45,1.4182,28,0.2,0.51,10.07
157,Exit Long,Long Exit,12-06-2021 09:50,1.4265,28,0.2,0.51,10.07
158,Entry Short,Short,12-06-2021 10:25,1.4226,28,0.3,0.91,10.37
158,Exit Short,Short Exit,12-06-2021 10:30,1.4108,28,0.3,0.91,10.37
159,Entry Long,Long,12-06-2021 12:25,1.393,28,-0.26,-0.67,10.11
159,Exit Long,Long Exit,12-06-2021 12:30,1.3848,28,-0.26,-0.67,10.11
160,Entry Short,Short,12-06-2021 13:35,1.3788,29,0.36,1.07,10.47
160,Exit Short,Short Exit,12-06-2021 13:50,1.3652,29,0.36,1.07,10.47
161,Entry Long,Long,12-06-2021 14:20,1.3729,29,0.3,0.76,10.77
161,Exit Long,Long Exit,12-06-2021 14:30,1.3844,29,0.3,0.76,10.77
162,Entry Long,Long,13-06-2021 14:35,1.4496,27,-0.23,-0.59,10.54
162,Exit Long,Long Exit,13-06-2021 14:45,1.4422,27,-0.23,-0.59,10.54
163,Entry Short,Short,13-06-2021 16:10,1.4414,27,-0.28,-0.55,10.27
163,Exit Short,Short Exit,13-06-2021 17:30,1.4505,27,-0.28,-0.55,10.27
164,Entry Short,Short,13-06-2021 17:50,1.4434,27,0.19,0.64,10.45
164,Exit Short,Short Exit,13-06-2021 18:20,1.4353,27,0.19,0.64,10.45
165,Entry Short,Short,13-06-2021 20:15,1.4434,27,0.12,0.46,10.57
165,Exit Short,Short Exit,13-06-2021 20:40,1.4379,27,0.12,0.46,10.57
166,Entry Long,Long,13-06-2021 23:50,1.4065,28,-0.14,-0.36,10.43
166,Exit Long,Long Exit,13-06-2021 23:55,1.4025,28,-0.14,-0.36,10.43
167,Entry Long,Long,14-06-2021 16:00,1.5479,25,-0.45,-1.17,9.97
167,Exit Long,Long Exit,14-06-2021 17:00,1.531,25,-0.45,-1.17,9.97
168,Entry Long,Long,14-06-2021 18:15,1.5209,26,0.15,0.37,10.12
168,Exit Long,Long Exit,14-06-2021 18:20,1.5278,26,0.15,0.37,10.12
169,Entry Long,Long,14-06-2021 19:15,1.5143,26,0.1,0.26,10.22
169,Exit Long,Long Exit,14-06-2021 19:30,1.5194,26,0.1,0.26,10.22
170,Entry Short,Short,14-06-2021 20:10,1.5211,26,0.06,0.32,10.29
170,Exit Short,Short Exit,14-06-2021 20:15,1.5174,26,0.06,0.32,10.29
171,Entry Long,Long,15-06-2021 21:05,1.5841,25,-0.37,-0.93,9.92
171,Exit Long,Long Exit,15-06-2021 21:45,1.5707,25,-0.37,-0.93,9.92
172,Entry Short,Short,16-06-2021 01:30,1.5578,25,-0.12,-0.16,9.8
172,Exit Short,Short Exit,16-06-2021 01:35,1.5615,25,-0.12,-0.16,9.8
173,Entry Short,Short,16-06-2021 02:00,1.5649,25,-0.16,-0.25,9.64
173,Exit Short,Short Exit,16-06-2021 02:05,1.57,25,-0.16,-0.25,9.64
174,Entry Long,Long,16-06-2021 19:20,1.5524,25,-0.08,-0.21,9.56
174,Exit Long,Long Exit,16-06-2021 19:25,1.5504,25,-0.08,-0.21,9.56
175,Entry Long,Long,16-06-2021 21:50,1.5176,26,-0.34,-0.85,9.22
175,Exit Long,Long Exit,16-06-2021 22:10,1.5059,26,-0.34,-0.85,9.22
176,Entry Short,Short,16-06-2021 22:50,1.5117,26,-0.28,-0.55,8.94
176,Exit Short,Short Exit,16-06-2021 23:15,1.5212,26,-0.28,-0.55,8.94
177,Entry Short,Short,16-06-2021 23:25,1.5132,26,0.18,0.62,9.12
177,Exit Short,Short Exit,16-06-2021 23:50,1.5051,26,0.18,0.62,9.12
178,Entry Short,Short,17-06-2021 01:25,1.5119,26,0.22,0.71,9.34
178,Exit Short,Short Exit,17-06-2021 01:40,1.5023,26,0.22,0.71,9.34
179,Entry Long,Long,17-06-2021 02:20,1.4962,26,0.08,0.2,9.42
179,Exit Long,Long Exit,17-06-2021 02:25,1.5004,26,0.08,0.2,9.42
180,Entry Long,Long,17-06-2021 22:40,1.5009,26,-0.18,-0.46,9.24
180,Exit Long,Long Exit,17-06-2021 22:55,1.4952,26,-0.18,-0.46,9.24
181,Entry Long,Long,17-06-2021 23:30,1.5019,26,-0.25,-0.65,8.99
181,Exit Long,Long Exit,17-06-2021 23:40,1.4934,26,-0.25,-0.65,8.99
182,Entry Short,Short,18-06-2021 01:05,1.4989,26,0.2,0.68,9.19
182,Exit Short,Short Exit,18-06-2021 01:30,1.4899,26,0.2,0.68,9.19
183,Entry Long,Long,18-06-2021 02:45,1.4704,27,-0.13,-0.34,9.06
183,Exit Long,Long Exit,18-06-2021 02:50,1.4666,27,-0.13,-0.34,9.06
184,Entry Long,Long,18-06-2021 03:45,1.4685,27,0.1,0.25,9.16
184,Exit Long,Long Exit,18-06-2021 03:50,1.4734,27,0.1,0.25,9.16
185,Entry Short,Short,18-06-2021 04:35,1.4675,27,0.14,0.51,9.29
185,Exit Short,Short Exit,18-06-2021 05:00,1.4612,27,0.14,0.51,9.29
186,Entry Long,Long,18-06-2021 11:30,1.4533,27,0.27,0.7,9.57
186,Exit Long,Long Exit,18-06-2021 11:35,1.4646,27,0.27,0.7,9.57
187,Entry Long,Long,18-06-2021 23:00,1.4464,27,0.03,0.07,9.6
187,Exit Long,Long Exit,18-06-2021 23:05,1.4486,27,0.03,0.07,9.6
188,Entry Long,Long,19-06-2021 00:45,1.4077,28,-0.14,-0.36,9.46
188,Exit Long,Long Exit,19-06-2021 00:50,1.4038,28,-0.14,-0.36,9.46
189,Entry Short,Short,19-06-2021 02:00,1.4174,28,0.27,0.85,9.73
189,Exit Short,Short Exit,19-06-2021 02:05,1.4065,28,0.27,0.85,9.73
190,Entry Short,Short,19-06-2021 05:35,1.3968,28,-0.54,-1.22,9.19
190,Exit Short,Short Exit,19-06-2021 08:30,1.4149,28,-0.54,-1.22,9.19
191,Entry Long,Long,20-06-2021 02:05,1.411,28,-0.1,-0.26,9.09
191,Exit Long,Long Exit,20-06-2021 02:10,1.4085,28,-0.1,-0.26,9.09
192,Entry Short,Short,20-06-2021 06:05,1.4109,28,0.06,0.31,9.15
192,Exit Short,Short Exit,20-06-2021 06:40,1.4076,28,0.06,0.31,9.15
193,Entry Long,Long,20-06-2021 09:45,1.3737,29,0.05,0.12,9.2
193,Exit Long,Long Exit,20-06-2021 09:50,1.3765,29,0.05,0.12,9.2
194,Entry Short,Short,20-06-2021 10:50,1.3899,28,0.02,0.2,9.22
194,Exit Short,Short Exit,20-06-2021 10:55,1.3882,28,0.02,0.2,9.22
195,Entry Short,Short,20-06-2021 11:05,1.3842,28,0.17,0.61,9.39
195,Exit Short,Short Exit,20-06-2021 11:15,1.3769,28,0.17,0.61,9.39
196,Entry Short,Short,20-06-2021 17:25,1.3967,28,0.18,0.62,9.57
196,Exit Short,Short Exit,20-06-2021 17:40,1.3891,28,0.18,0.62,9.57
197,Entry Long,Long,20-06-2021 18:25,1.3883,28,0.04,0.11,9.62
197,Exit Long,Long Exit,20-06-2021 18:30,1.391,28,0.04,0.11,9.62
198,Entry Long,Long,20-06-2021 20:55,1.3323,30,-0.12,-0.31,9.49
198,Exit Long,Long Exit,20-06-2021 21:00,1.3292,30,-0.12,-0.31,9.49
199,Entry Short,Short,20-06-2021 22:25,1.3362,29,-0.28,-0.56,9.21
199,Exit Short,Short Exit,20-06-2021 23:15,1.3447,29,-0.28,-0.56,9.21
200,Entry Long,Long,21-06-2021 09:45,1.4163,28,0.03,0.08,9.24
200,Exit Long,Long Exit,21-06-2021 09:50,1.4185,28,0.03,0.08,9.24
201,Entry Long,Long,21-06-2021 11:10,1.4089,28,-0.29,-0.73,8.96
201,Exit Long,Long Exit,21-06-2021 11:15,1.3998,28,-0.29,-0.73,8.96
202,Entry Short,Short,21-06-2021 14:20,1.3512,29,-0.9,-2.13,8.06
202,Exit Short,Short Exit,21-06-2021 15:05,1.3811,29,-0.9,-2.13,8.06
203,Entry Short,Short,21-06-2021 15:25,1.3683,29,0.92,2.48,8.98
203,Exit Short,Short Exit,21-06-2021 15:30,1.3354,29,0.92,2.48,8.98
204,Entry Long,Long,21-06-2021 16:05,1.3349,29,-0.71,-1.82,8.27
204,Exit Long,Long Exit,21-06-2021 16:25,1.3116,29,-0.71,-1.82,8.27
205,Entry Long,Long,21-06-2021 16:55,1.3328,30,-0.68,-1.71,7.59
205,Exit Long,Long Exit,21-06-2021 18:10,1.3111,30,-0.68,-1.71,7.59
206,Entry Short,Short,21-06-2021 19:05,1.3196,30,0.28,0.86,7.87
206,Exit Short,Short Exit,21-06-2021 19:10,1.3093,30,0.28,0.86,7.87
207,Entry Long,Long,21-06-2021 19:55,1.2893,31,-0.41,-1.02,7.46
207,Exit Long,Long Exit,21-06-2021 20:00,1.2772,31,-0.41,-1.02,7.46
208,Entry Short,Short,21-06-2021 21:20,1.2844,31,-0.4,-0.84,7.06
208,Exit Short,Short Exit,21-06-2021 21:25,1.2962,31,-0.4,-0.84,7.06
209,Entry Short,Short,21-06-2021 21:40,1.287,31,0.4,1.16,7.46
209,Exit Short,Short Exit,21-06-2021 21:50,1.2731,31,0.4,1.16,7.46
210,Entry Long,Long,21-06-2021 22:25,1.2838,31,0.76,1.91,8.22
210,Exit Long,Long Exit,21-06-2021 22:45,1.3093,31,0.76,1.91,8.22
211,Entry Long,Long,22-06-2021 03:15,1.2648,31,0.23,0.59,8.45
211,Exit Long,Long Exit,22-06-2021 03:20,1.2733,31,0.23,0.59,8.45
212,Entry Short,Short,22-06-2021 04:10,1.2699,31,0.52,1.48,8.97
212,Exit Short,Short Exit,22-06-2021 04:30,1.2521,31,0.52,1.48,8.97
213,Entry Short,Short,22-06-2021 05:25,1.2663,31,-0.33,-0.67,8.65
213,Exit Short,Short Exit,22-06-2021 05:35,1.2758,31,-0.33,-0.67,8.65
214,Entry Short,Short,22-06-2021 06:00,1.2735,31,0.33,0.99,8.98
214,Exit Short,Short Exit,22-06-2021 06:05,1.2619,31,0.33,0.99,8.98
215,Entry Long,Long,22-06-2021 08:20,1.1862,33,0.57,1.45,9.54
215,Exit Long,Long Exit,22-06-2021 08:25,1.2043,33,0.57,1.45,9.54
216,Entry Long,Long,22-06-2021 09:40,1.1509,34,0.32,0.82,9.86
216,Exit Long,Long Exit,22-06-2021 09:45,1.1613,34,0.32,0.82,9.86
217,Entry Long,Long,22-06-2021 19:40,1.1243,35,-0.96,-2.43,8.91
217,Exit Long,Long Exit,22-06-2021 20:30,1.0979,35,-0.96,-2.43,8.91
218,Entry Long,Long,22-06-2021 21:30,1.052,38,0.53,1.32,9.44
218,Exit Long,Long Exit,22-06-2021 21:35,1.0667,38,0.53,1.32,9.44
219,Entry Long,Long,22-06-2021 23:10,1.0115,39,0.43,1.1,9.87
219,Exit Long,Long Exit,22-06-2021 23:15,1.0234,39,0.43,1.1,9.87
220,Entry Long,Long,23-06-2021 05:20,1.1761,34,-0.49,-1.23,9.38
220,Exit Long,Long Exit,23-06-2021 05:30,1.1626,34,-0.49,-1.23,9.38
221,Entry Short,Short,23-06-2021 06:10,1.1792,33,0.47,1.37,9.85
221,Exit Short,Short Exit,23-06-2021 06:30,1.164,33,0.47,1.37,9.85
222,Entry Long,Long,23-06-2021 08:05,1.1505,34,-0.59,-1.51,9.26
222,Exit Long,Long Exit,23-06-2021 08:25,1.134,34,-0.59,-1.51,9.26
223,Entry Long,Long,23-06-2021 19:10,1.2503,31,-0.25,-0.66,9
223,Exit Long,Long Exit,23-06-2021 19:15,1.2431,31,-0.25,-0.66,9
224,Entry Long,Long,23-06-2021 19:40,1.2517,31,0.11,0.28,9.11
224,Exit Long,Long Exit,23-06-2021 19:45,1.2562,31,0.11,0.28,9.11
225,Entry Long,Long,23-06-2021 21:30,1.2554,31,0.26,0.68,9.37
225,Exit Long,Long Exit,23-06-2021 21:55,1.2649,31,0.26,0.68,9.37
226,Entry Short,Short,24-06-2021 01:45,1.2474,32,0.26,0.81,9.63
226,Exit Short,Short Exit,24-06-2021 02:05,1.2383,32,0.26,0.81,9.63
227,Entry Long,Long,24-06-2021 04:15,1.2283,32,-0.29,-0.74,9.34
227,Exit Long,Long Exit,24-06-2021 04:20,1.2202,32,-0.29,-0.74,9.34
228,Entry Short,Short,24-06-2021 05:55,1.2074,33,-0.54,-1.2,8.8
228,Exit Short,Short Exit,24-06-2021 06:10,1.2229,33,-0.54,-1.2,8.8
229,Entry Long,Long,25-06-2021 00:05,1.3474,29,0.33,0.85,9.13
229,Exit Long,Long Exit,25-06-2021 00:10,1.3599,29,0.33,0.85,9.13
230,Entry Long,Long,25-06-2021 06:25,1.3628,29,-0.11,-0.27,9.02
230,Exit Long,Long Exit,25-06-2021 06:30,1.3602,29,-0.11,-0.27,9.02
231,Entry Long,Long,25-06-2021 07:00,1.359,29,-0.08,-0.21,8.94
231,Exit Long,Long Exit,25-06-2021 07:05,1.3573,29,-0.08,-0.21,8.94
232,Entry Long,Long,25-06-2021 07:40,1.3462,29,0.03,0.08,8.97
232,Exit Long,Long Exit,25-06-2021 07:45,1.3484,29,0.03,0.08,8.97
233,Entry Long,Long,25-06-2021 08:05,1.3473,29,0.11,0.29,9.09
233,Exit Long,Long Exit,25-06-2021 08:10,1.3523,29,0.11,0.29,9.09
234,Entry Short,Short,25-06-2021 13:20,1.3693,29,0.28,0.88,9.37
234,Exit Short,Short Exit,25-06-2021 13:35,1.3584,29,0.28,0.88,9.37
235,Entry Short,Short,25-06-2021 15:35,1.3519,29,-0.44,-0.96,8.93
235,Exit Short,Short Exit,25-06-2021 15:45,1.3659,29,-0.44,-0.96,8.93
236,Entry Short,Short,25-06-2021 16:00,1.3578,29,0.29,0.89,9.22
236,Exit Short,Short Exit,25-06-2021 16:05,1.3468,29,0.29,0.89,9.22
237,Entry Long,Long,25-06-2021 16:55,1.3285,30,-0.3,-0.76,8.92
237,Exit Long,Long Exit,25-06-2021 17:15,1.3195,30,-0.3,-0.76,8.92
238,Entry Short,Short,25-06-2021 18:35,1.3405,29,0.42,1.23,9.34
238,Exit Short,Short Exit,25-06-2021 18:45,1.3251,29,0.42,1.23,9.34
239,Entry Short,Short,25-06-2021 23:25,1.3196,30,0.36,1.07,9.7
239,Exit Short,Short Exit,25-06-2021 23:35,1.3065,30,0.36,1.07,9.7
240,Entry Long,Long,26-06-2021 00:30,1.2784,31,-0.16,-0.4,9.54
240,Exit Long,Long Exit,26-06-2021 00:35,1.2743,31,-0.16,-0.4,9.54
241,Entry Long,Long,26-06-2021 01:50,1.2552,31,0.33,0.85,9.87
241,Exit Long,Long Exit,26-06-2021 02:00,1.2669,31,0.33,0.85,9.87
242,Entry Short,Short,26-06-2021 02:30,1.2657,31,0.3,0.92,10.17
242,Exit Short,Short Exit,26-06-2021 02:40,1.2551,31,0.3,0.92,10.17
243,Entry Short,Short,26-06-2021 03:35,1.2725,31,-0.52,-1.17,9.64
243,Exit Short,Short Exit,26-06-2021 03:45,1.2884,31,-0.52,-1.17,9.64
244,Entry Short,Short,26-06-2021 03:55,1.2834,31,0.14,0.5,9.78
244,Exit Short,Short Exit,26-06-2021 04:00,1.278,31,0.14,0.5,9.78
245,Entry Short,Short,26-06-2021 06:05,1.2831,31,0.26,0.82,10.04
245,Exit Short,Short Exit,26-06-2021 06:10,1.2736,31,0.26,0.82,10.04
246,Entry Long,Long,26-06-2021 07:20,1.276,31,0.05,0.12,10.09
246,Exit Long,Long Exit,26-06-2021 07:25,1.2786,31,0.05,0.12,10.09
247,Entry Short,Short,26-06-2021 08:55,1.2632,31,0.37,1.12,10.47
247,Exit Short,Short Exit,26-06-2021 09:00,1.2501,31,0.37,1.12,10.47
248,Entry Short,Short,26-06-2021 10:05,1.2682,31,0.16,0.57,10.63
248,Exit Short,Short Exit,26-06-2021 10:10,1.262,31,0.16,0.57,10.63
249,Entry Long,Long,26-06-2021 11:00,1.2597,31,-0.58,-1.49,10.04
249,Exit Long,Long Exit,26-06-2021 11:30,1.2419,31,-0.58,-1.49,10.04
250,Entry Short,Short,26-06-2021 15:25,1.2802,31,-0.09,-0.08,9.95
250,Exit Short,Short Exit,26-06-2021 15:30,1.2822,31,-0.09,-0.08,9.95
251,Entry Short,Short,26-06-2021 15:40,1.2748,31,0.28,0.87,10.23
251,Exit Short,Short Exit,26-06-2021 15:45,1.2647,31,0.28,0.87,10.23
252,Entry Short,Short,27-06-2021 01:05,1.2284,32,0.33,0.99,10.56
252,Exit Short,Short Exit,27-06-2021 01:15,1.2172,32,0.33,0.99,10.56
253,Entry Long,Long,27-06-2021 06:30,1.2172,32,0.06,0.14,10.61
253,Exit Long,Long Exit,27-06-2021 06:35,1.2199,32,0.06,0.14,10.61
254,Entry Long,Long,27-06-2021 20:00,1.2431,32,0.15,0.38,10.76
254,Exit Long,Long Exit,27-06-2021 20:05,1.2488,32,0.15,0.38,10.76
255,Entry Short,Short,27-06-2021 20:50,1.2486,32,-0.33,-0.66,10.44
255,Exit Short,Short Exit,27-06-2021 20:55,1.2578,32,-0.33,-0.66,10.44
256,Entry Short,Short,28-06-2021 03:05,1.2596,31,0.25,0.79,10.69
256,Exit Short,Short Exit,28-06-2021 03:10,1.2506,31,0.25,0.79,10.69
257,Entry Long,Long,28-06-2021 12:40,1.3152,30,0.02,0.05,10.71
257,Exit Long,Long Exit,28-06-2021 12:45,1.3169,30,0.02,0.05,10.71
258,Entry Long,Long,28-06-2021 19:40,1.3142,30,0.01,0.03,10.72
258,Exit Long,Long Exit,28-06-2021 19:45,1.3156,30,0.01,0.03,10.72
259,Entry Long,Long,28-06-2021 20:40,1.3145,30,-0.18,-0.46,10.53
259,Exit Long,Long Exit,28-06-2021 20:55,1.3095,30,-0.18,-0.46,10.53
260,Entry Long,Long,28-06-2021 21:25,1.3171,30,-0.26,-0.66,10.27
260,Exit Long,Long Exit,28-06-2021 21:30,1.3094,30,-0.26,-0.66,10.27
261,Entry Long,Long,29-06-2021 04:10,1.3224,30,0.27,0.68,10.54
261,Exit Long,Long Exit,29-06-2021 04:25,1.3324,30,0.27,0.68,10.54
262,Entry Short,Short,29-06-2021 07:05,1.3282,30,0.41,1.18,10.95
262,Exit Short,Short Exit,29-06-2021 07:30,1.3136,30,0.41,1.18,10.95
263,Entry Long,Long,30-06-2021 03:45,1.3847,28,0.14,0.35,11.08
263,Exit Long,Long Exit,30-06-2021 05:00,1.3907,28,0.14,0.35,11.08
264,Entry Short,Short,30-06-2021 05:30,1.3929,28,0.09,0.4,11.18
264,Exit Short,Short Exit,30-06-2021 05:40,1.3884,28,0.09,0.4,11.18
265,Entry Short,Short,30-06-2021 07:05,1.393,28,0.07,0.35,11.25
265,Exit Short,Short Exit,30-06-2021 07:10,1.3893,28,0.07,0.35,11.25
266,Entry Long,Long,30-06-2021 07:55,1.3739,29,-0.3,-0.76,10.95
266,Exit Long,Long Exit,30-06-2021 08:00,1.3646,29,-0.3,-0.76,10.95
267,Entry Short,Short,30-06-2021 08:50,1.3745,29,0.18,0.6,11.13
267,Exit Short,Short Exit,30-06-2021 08:55,1.3673,29,0.18,0.6,11.13
268,Entry Long,Long,30-06-2021 09:35,1.3772,29,-0.3,-0.76,10.82
268,Exit Long,Long Exit,30-06-2021 10:00,1.3678,29,-0.3,-0.76,10.82
269,Entry Short,Short,30-06-2021 12:05,1.356,29,0.22,0.73,11.05
269,Exit Short,Short Exit,30-06-2021 12:10,1.3472,29,0.22,0.73,11.05
270,Entry Long,Long,30-06-2021 13:20,1.3474,29,-0.3,-0.78,10.74
270,Exit Long,Long Exit,30-06-2021 13:40,1.338,29,-0.3,-0.78,10.74
271,Entry Long,Long,30-06-2021 14:20,1.3327,30,0.23,0.57,10.97
271,Exit Long,Long Exit,30-06-2021 15:00,1.3413,30,0.23,0.57,10.97
272,Entry Short,Short,30-06-2021 15:25,1.3422,29,-0.15,-0.23,10.82
272,Exit Short,Short Exit,30-06-2021 15:30,1.3463,29,-0.15,-0.23,10.82
273,Entry Short,Short,30-06-2021 15:40,1.3407,29,0.16,0.57,10.98
273,Exit Short,Short Exit,30-06-2021 16:10,1.3341,29,0.16,0.57,10.98
274,Entry Short,Short,30-06-2021 17:10,1.347,29,0.19,0.64,11.16
274,Exit Short,Short Exit,30-06-2021 17:45,1.3395,29,0.19,0.64,11.16
275,Entry Long,Long,30-06-2021 18:55,1.3262,30,0.09,0.24,11.26
275,Exit Long,Long Exit,30-06-2021 19:00,1.3304,30,0.09,0.24,11.26
276,Entry Short,Short,30-06-2021 19:45,1.3352,29,-0.14,-0.21,11.11
276,Exit Short,Short Exit,30-06-2021 20:00,1.3391,29,-0.14,-0.21,11.11
277,Entry Short,Short,30-06-2021 23:25,1.3203,30,0.25,0.78,11.36
277,Exit Short,Short Exit,01-07-2021 00:00,1.311,30,0.25,0.78,11.36
278,Entry Long,Long,01-07-2021 13:25,1.3345,29,-0.1,-0.27,11.26
278,Exit Long,Long Exit,01-07-2021 13:30,1.332,29,-0.1,-0.27,11.26
279,Entry Short,Short,01-07-2021 15:20,1.3532,29,0.13,0.5,11.39
279,Exit Short,Short Exit,01-07-2021 15:25,1.3475,29,0.13,0.5,11.39
280,Entry Long,Long,01-07-2021 16:20,1.3244,30,-0.41,-1.03,10.98
280,Exit Long,Long Exit,01-07-2021 18:15,1.3118,30,-0.41,-1.03,10.98
281,Entry Short,Short,01-07-2021 20:00,1.3109,30,-0.2,-0.35,10.78
281,Exit Short,Short Exit,01-07-2021 20:05,1.3166,30,-0.2,-0.35,10.78
282,Entry Short,Short,02-07-2021 01:50,1.3294,30,-0.31,-0.63,10.47
282,Exit Short,Short Exit,02-07-2021 03:20,1.3388,30,-0.31,-0.63,10.47
283,Entry Short,Short,02-07-2021 10:10,1.3447,29,0.09,0.39,10.56
283,Exit Short,Short Exit,02-07-2021 10:15,1.3405,29,0.09,0.39,10.56
284,Entry Short,Short,02-07-2021 14:35,1.305,30,0.14,0.52,10.7
284,Exit Short,Short Exit,02-07-2021 14:40,1.2992,30,0.14,0.52,10.7
285,Entry Long,Long,02-07-2021 15:35,1.2957,30,-0.31,-0.81,10.39
285,Exit Long,Long Exit,02-07-2021 15:40,1.2863,30,-0.31,-0.81,10.39
286,Entry Short,Short,02-07-2021 18:05,1.3123,30,0.14,0.52,10.53
286,Exit Short,Short Exit,02-07-2021 18:15,1.3065,30,0.14,0.52,10.53
287,Entry Short,Short,02-07-2021 20:30,1.2946,30,0.14,0.53,10.67
287,Exit Short,Short Exit,02-07-2021 20:35,1.2888,30,0.14,0.53,10.67
288,Entry Long,Long,03-07-2021 22:30,1.4209,28,0.11,0.29,10.79
288,Exit Long,Long Exit,03-07-2021 23:35,1.4261,28,0.11,0.29,10.79
289,Entry Long,Long,04-07-2021 08:35,1.3945,28,0.21,0.54,11
289,Exit Long,Long Exit,04-07-2021 08:50,1.4032,28,0.21,0.54,11
290,Entry Short,Short,04-07-2021 09:10,1.3993,28,-0.2,-0.35,10.8
290,Exit Short,Short Exit,04-07-2021 09:20,1.4053,28,-0.2,-0.35,10.8
291,Entry Long,Long,04-07-2021 10:45,1.3927,28,-0.21,-0.53,10.59
291,Exit Long,Long Exit,04-07-2021 10:55,1.3864,28,-0.21,-0.53,10.59
292,Entry Short,Short,04-07-2021 12:00,1.396,28,0.02,0.2,10.61
292,Exit Short,Short Exit,04-07-2021 12:05,1.3943,28,0.02,0.2,10.61
293,Entry Long,Long,05-07-2021 09:30,1.4466,27,0.08,0.22,10.69
293,Exit Long,Long Exit,05-07-2021 09:35,1.4509,27,0.08,0.22,10.69
294,Entry Long,Long,05-07-2021 11:40,1.4247,28,-0.2,-0.51,10.49
294,Exit Long,Long Exit,05-07-2021 11:45,1.4186,28,-0.2,-0.51,10.49
295,Entry Long,Long,05-07-2021 12:15,1.4205,28,0.11,0.29,10.6
295,Exit Long,Long Exit,05-07-2021 12:20,1.4257,28,0.11,0.29,10.6
296,Entry Short,Short,05-07-2021 13:10,1.4162,28,-0.46,-1,10.14
296,Exit Short,Short Exit,05-07-2021 19:45,1.4315,28,-0.46,-1,10.14
297,Entry Short,Short,05-07-2021 23:00,1.4021,28,-0.22,-0.39,9.93
297,Exit Short,Short Exit,05-07-2021 23:15,1.4087,28,-0.22,-0.39,9.93
298,Entry Short,Short,06-07-2021 01:45,1.4002,28,-0.14,-0.18,9.79
298,Exit Short,Short Exit,06-07-2021 01:50,1.4039,28,-0.14,-0.18,9.79
299,Entry Long,Long,07-07-2021 01:45,1.4068,28,0.03,0.08,9.82
299,Exit Long,Long Exit,07-07-2021 01:50,1.409,28,0.03,0.08,9.82
300,Entry Short,Short,07-07-2021 02:10,1.4075,28,0.26,0.82,10.08
300,Exit Short,Short Exit,07-07-2021 02:15,1.3971,28,0.26,0.82,10.08
301,Entry Long,Long,07-07-2021 02:50,1.405,28,0.08,0.2,10.16
301,Exit Long,Long Exit,07-07-2021 02:55,1.409,28,0.08,0.2,10.16
302,Entry Short,Short,07-07-2021 03:40,1.4098,28,0.05,0.29,10.21
302,Exit Short,Short Exit,07-07-2021 03:45,1.4068,28,0.05,0.29,10.21
303,Entry Short,Short,07-07-2021 05:15,1.4043,28,0.1,0.41,10.31
303,Exit Short,Short Exit,07-07-2021 05:40,1.3997,28,0.1,0.41,10.31
304,Entry Long,Long,07-07-2021 19:35,1.4231,28,-0.13,-0.33,10.18
304,Exit Long,Long Exit,07-07-2021 19:40,1.4196,28,-0.13,-0.33,10.18
305,Entry Long,Long,08-07-2021 00:50,1.4217,28,-0.11,-0.28,10.07
305,Exit Long,Long Exit,08-07-2021 00:55,1.4188,28,-0.11,-0.28,10.07
306,Entry Long,Long,08-07-2021 01:25,1.4251,28,-0.2,-0.5,9.87
306,Exit Long,Long Exit,08-07-2021 02:20,1.4191,28,-0.2,-0.5,9.87
307,Entry Short,Short,08-07-2021 03:55,1.422,28,0.002,0.16,9.87
307,Exit Short,Short Exit,08-07-2021 04:00,1.4208,28,0.002,0.16,9.87
308,Entry Long,Long,08-07-2021 08:30,1.4013,28,0.02,0.04,9.89
308,Exit Long,Long Exit,08-07-2021 08:35,1.403,28,0.02,0.04,9.89
309,Entry Short,Short,08-07-2021 11:30,1.3893,28,0.08,0.35,9.96
309,Exit Short,Short Exit,08-07-2021 12:05,1.3855,28,0.08,0.35,9.96
310,Entry Long,Long,08-07-2021 12:40,1.3884,28,-0.31,-0.79,9.65
310,Exit Long,Long Exit,08-07-2021 13:00,1.3785,28,-0.31,-0.79,9.65
311,Entry Short,Short,08-07-2021 14:20,1.3798,28,0.19,0.66,9.85
311,Exit Short,Short Exit,08-07-2021 14:40,1.3718,28,0.19,0.66,9.85
312,Entry Short,Short,08-07-2021 15:35,1.3751,29,0.21,0.68,10.05
312,Exit Short,Short Exit,08-07-2021 16:25,1.3669,29,0.21,0.68,10.05
313,Entry Short,Short,08-07-2021 18:15,1.3568,29,-0.33,-0.67,9.73
313,Exit Short,Short Exit,08-07-2021 18:30,1.367,29,-0.33,-0.67,9.73
314,Entry Short,Short,08-07-2021 19:00,1.3618,29,-0.19,-0.32,9.53
314,Exit Short,Short Exit,08-07-2021 19:15,1.3673,29,-0.19,-0.32,9.53
315,Entry Short,Short,08-07-2021 19:50,1.3673,29,0.1,0.41,9.63
315,Exit Short,Short Exit,08-07-2021 19:55,1.3628,29,0.1,0.41,9.63
316,Entry Long,Long,08-07-2021 23:00,1.3468,29,0.15,0.37,9.78
316,Exit Long,Long Exit,08-07-2021 23:05,1.3529,29,0.15,0.37,9.78
317,Entry Short,Short,09-07-2021 05:20,1.3578,29,0.14,0.52,9.92
317,Exit Short,Short Exit,09-07-2021 05:55,1.3518,29,0.14,0.52,9.92
318,Entry Long,Long,09-07-2021 06:15,1.3593,29,-0.23,-0.58,9.69
318,Exit Long,Long Exit,09-07-2021 06:20,1.3525,29,-0.23,-0.58,9.69
319,Entry Short,Short,09-07-2021 08:55,1.3314,30,0.33,0.99,10.02
319,Exit Short,Short Exit,09-07-2021 09:05,1.3193,30,0.33,0.99,10.02
320,Entry Long,Long,09-07-2021 10:05,1.2969,30,-0.26,-0.66,9.77
320,Exit Long,Long Exit,09-07-2021 10:10,1.2894,30,-0.26,-0.66,9.77
321,Entry Long,Long,09-07-2021 10:25,1.2987,30,0.27,0.69,10.04
321,Exit Long,Long Exit,09-07-2021 11:20,1.3087,30,0.27,0.69,10.04
322,Entry Short,Short,09-07-2021 11:50,1.3125,30,0.03,0.23,10.07
322,Exit Short,Short Exit,09-07-2021 11:55,1.3105,30,0.03,0.23,10.07
323,Entry Short,Short,09-07-2021 17:05,1.326,30,0.15,0.54,10.22
323,Exit Short,Short Exit,09-07-2021 17:15,1.3199,30,0.15,0.54,10.22
324,Entry Long,Long,09-07-2021 17:40,1.3191,30,-0.15,-0.37,10.07
324,Exit Long,Long Exit,09-07-2021 17:45,1.3153,30,-0.15,-0.37,10.07
325,Entry Short,Short,09-07-2021 18:45,1.3276,30,0.26,0.81,10.33
325,Exit Short,Short Exit,09-07-2021 21:05,1.3179,30,0.26,0.81,10.33
326,Entry Long,Long,10-07-2021 03:05,1.348,29,0.01,0.02,10.34
326,Exit Long,Long Exit,10-07-2021 03:10,1.3494,29,0.01,0.02,10.34
327,Entry Long,Long,10-07-2021 04:25,1.3402,29,-0.08,-0.21,10.26
327,Exit Long,Long Exit,10-07-2021 04:30,1.3384,29,-0.08,-0.21,10.26
328,Entry Long,Long,10-07-2021 12:05,1.3418,29,-0.11,-0.29,10.14
328,Exit Long,Long Exit,10-07-2021 12:30,1.339,29,-0.11,-0.29,10.14
329,Entry Short,Short,10-07-2021 13:45,1.3409,29,0.16,0.57,10.3
329,Exit Short,Short Exit,10-07-2021 13:50,1.3343,29,0.16,0.57,10.3
330,Entry Short,Short,10-07-2021 18:20,1.34,29,-0.16,-0.26,10.14
330,Exit Short,Short Exit,10-07-2021 18:25,1.3446,29,-0.16,-0.26,10.14
331,Entry Short,Short,10-07-2021 18:40,1.3425,29,0.03,0.24,10.17
331,Exit Short,Short Exit,10-07-2021 18:50,1.3403,29,0.03,0.24,10.17
332,Entry Short,Short,10-07-2021 21:00,1.3308,30,-0.26,-0.48,9.92
332,Exit Short,Short Exit,10-07-2021 21:50,1.3383,30,-0.26,-0.48,9.92
333,Entry Short,Short,10-07-2021 22:30,1.3333,30,0.09,0.37,10
333,Exit Short,Short Exit,10-07-2021 22:35,1.3294,30,0.09,0.37,10
334,Entry Long,Long,10-07-2021 23:15,1.3243,30,-0.09,-0.22,9.91
334,Exit Long,Long Exit,10-07-2021 23:20,1.3224,30,-0.09,-0.22,9.91
335,Entry Long,Long,11-07-2021 03:25,1.322,30,0.03,0.07,9.94
335,Exit Long,Long Exit,11-07-2021 03:30,1.324,30,0.03,0.07,9.94
336,Entry Short,Short,11-07-2021 05:05,1.33,30,0.11,0.43,10.05
336,Exit Short,Short Exit,11-07-2021 05:10,1.3253,30,0.11,0.43,10.05
337,Entry Long,Long,11-07-2021 16:10,1.3329,30,-0.15,-0.37,9.9
337,Exit Long,Long Exit,11-07-2021 16:15,1.329,30,-0.15,-0.37,9.9
338,Entry Long,Long,12-07-2021 21:15,1.3384,29,-0.09,-0.24,9.81
338,Exit Long,Long Exit,12-07-2021 21:20,1.3362,29,-0.09,-0.24,9.81
339,Entry Short,Short,12-07-2021 23:10,1.335,29,0.11,0.44,9.91
339,Exit Short,Short Exit,13-07-2021 00:00,1.3302,29,0.11,0.44,9.91
340,Entry Long,Long,13-07-2021 00:30,1.3316,30,-0.12,-0.3,9.79
340,Exit Long,Long Exit,13-07-2021 00:35,1.3287,30,-0.12,-0.3,9.79
341,Entry Long,Long,13-07-2021 01:40,1.3161,30,-0.19,-0.47,9.61
341,Exit Long,Long Exit,13-07-2021 01:45,1.3109,30,-0.19,-0.47,9.61
342,Entry Long,Long,13-07-2021 03:15,1.3064,30,-0.09,-0.22,9.52
342,Exit Long,Long Exit,13-07-2021 03:20,1.3046,30,-0.09,-0.22,9.52
343,Entry Long,Long,13-07-2021 03:40,1.307,30,-0.14,-0.36,9.38
343,Exit Long,Long Exit,13-07-2021 03:55,1.3033,30,-0.14,-0.36,9.38
344,Entry Long,Long,13-07-2021 04:10,1.3147,30,-0.42,-1.05,8.96
344,Exit Long,Long Exit,13-07-2021 04:25,1.3019,30,-0.42,-1.05,8.96
345,Entry Long,Long,13-07-2021 05:20,1.3034,30,0.22,0.56,9.18
345,Exit Long,Long Exit,13-07-2021 07:10,1.3118,30,0.22,0.56,9.18
346,Entry Short,Short,13-07-2021 09:05,1.3043,30,-0.38,-0.82,8.8
346,Exit Short,Short Exit,13-07-2021 09:45,1.316,30,-0.38,-0.82,8.8
347,Entry Short,Short,13-07-2021 10:00,1.3104,30,0.1,0.42,8.9
347,Exit Short,Short Exit,13-07-2021 10:05,1.306,30,0.1,0.42,8.9
348,Entry Short,Short,13-07-2021 11:10,1.3078,30,-0.14,-0.19,8.77
348,Exit Short,Short Exit,13-07-2021 11:30,1.3113,30,-0.14,-0.19,8.77
349,Entry Short,Short,13-07-2021 11:50,1.308,30,-0.15,-0.21,8.62
349,Exit Short,Short Exit,13-07-2021 12:10,1.3118,30,-0.15,-0.21,8.62
350,Entry Short,Short,13-07-2021 12:40,1.3093,30,0.05,0.29,8.67
350,Exit Short,Short Exit,13-07-2021 13:20,1.3065,30,0.05,0.29,8.67
351,Entry Short,Short,13-07-2021 16:00,1.2964,30,-0.2,-0.36,8.47
351,Exit Short,Short Exit,13-07-2021 16:05,1.3021,30,-0.2,-0.36,8.47
352,Entry Long,Long,13-07-2021 20:30,1.295,30,0.09,0.24,8.57
352,Exit Long,Long Exit,13-07-2021 20:35,1.2992,30,0.09,0.24,8.57
353,Entry Short,Short,13-07-2021 23:20,1.2781,31,-0.14,-0.19,8.43
353,Exit Short,Short Exit,14-07-2021 00:15,1.2816,31,-0.14,-0.19,8.43
354,Entry Short,Short,14-07-2021 06:20,1.26,31,-0.18,-0.29,8.25
354,Exit Short,Short Exit,14-07-2021 07:05,1.2647,31,-0.18,-0.29,8.25
355,Entry Short,Short,14-07-2021 07:20,1.2609,31,0.08,0.37,8.33
355,Exit Short,Short Exit,14-07-2021 07:40,1.2573,31,0.08,0.37,8.33
356,Entry Short,Short,14-07-2021 09:20,1.262,31,0.2,0.67,8.53
356,Exit Short,Short Exit,14-07-2021 09:25,1.2546,31,0.2,0.67,8.53
357,Entry Long,Long,14-07-2021 10:35,1.229,32,0.18,0.46,8.71
357,Exit Long,Long Exit,14-07-2021 10:40,1.2356,32,0.18,0.46,8.71
358,Entry Short,Short,14-07-2021 12:10,1.2397,32,0.19,0.64,8.9
358,Exit Short,Short Exit,14-07-2021 12:20,1.2327,32,0.19,0.64,8.9
359,Entry Long,Long,14-07-2021 13:00,1.216,32,-0.15,-0.38,8.75
359,Exit Long,Long Exit,14-07-2021 13:05,1.2124,32,-0.15,-0.38,8.75
360,Entry Short,Short,14-07-2021 13:45,1.2223,32,0.09,0.4,8.85
360,Exit Short,Short Exit,14-07-2021 13:50,1.2184,32,0.09,0.4,8.85
361,Entry Short,Short,14-07-2021 16:00,1.2064,33,-0.28,-0.54,8.57
361,Exit Short,Short Exit,14-07-2021 16:05,1.2139,33,-0.28,-0.54,8.57
362,Entry Long,Long,15-07-2021 04:40,1.2683,31,-0.26,-0.66,8.31
362,Exit Long,Long Exit,15-07-2021 08:10,1.261,31,-0.26,-0.66,8.31
363,Entry Long,Long,15-07-2021 09:35,1.2607,31,0.11,0.29,8.42
363,Exit Long,Long Exit,15-07-2021 09:40,1.2654,31,0.11,0.29,8.42
364,Entry Long,Long,15-07-2021 12:25,1.2492,32,0.12,0.31,8.55
364,Exit Long,Long Exit,15-07-2021 12:30,1.2541,32,0.12,0.31,8.55
365,Entry Long,Long,15-07-2021 17:05,1.2444,32,-0.45,-1.13,8.1
365,Exit Long,Long Exit,15-07-2021 17:30,1.2313,32,-0.45,-1.13,8.1
366,Entry Short,Short,15-07-2021 19:15,1.2505,31,0.05,0.28,8.14
366,Exit Short,Short Exit,15-07-2021 19:20,1.248,31,0.05,0.28,8.14
367,Entry Short,Short,15-07-2021 21:30,1.2185,32,-0.24,-0.46,7.9
367,Exit Short,Short Exit,15-07-2021 21:50,1.2251,32,-0.24,-0.46,7.9
368,Entry Short,Short,15-07-2021 22:20,1.221,32,0.13,0.49,8.03
368,Exit Short,Short Exit,15-07-2021 22:25,1.216,32,0.13,0.49,8.03
369,Entry Short,Short,15-07-2021 22:50,1.2265,32,-0.1,-0.09,7.93
369,Exit Short,Short Exit,15-07-2021 22:55,1.2286,32,-0.1,-0.09,7.93
370,Entry Long,Long,16-07-2021 02:35,1.2138,32,-0.18,-0.48,7.75
370,Exit Long,Long Exit,16-07-2021 02:40,1.209,32,-0.18,-0.48,7.75
371,Entry Short,Short,16-07-2021 03:50,1.2183,32,-0.22,-0.41,7.52
371,Exit Short,Short Exit,16-07-2021 03:55,1.2243,32,-0.22,-0.41,7.52
372,Entry Short,Short,16-07-2021 08:40,1.2259,32,0.29,0.9,7.82
372,Exit Short,Short Exit,16-07-2021 09:35,1.2158,32,0.29,0.9,7.82
373,Entry Long,Long,16-07-2021 17:30,1.1997,33,0.02,0.05,7.84
373,Exit Long,Long Exit,16-07-2021 17:35,1.2013,33,0.02,0.05,7.84
374,Entry Long,Long,16-07-2021 19:50,1.172,34,-0.2,-0.5,7.64
374,Exit Long,Long Exit,16-07-2021 20:10,1.1671,34,-0.2,-0.5,7.64
375,Entry Long,Long,17-07-2021 04:20,1.2106,33,-0.23,-0.57,7.41
375,Exit Long,Long Exit,17-07-2021 04:30,1.2047,33,-0.23,-0.57,7.41
376,Entry Long,Long,17-07-2021 05:10,1.1952,33,0.08,0.2,7.49
376,Exit Long,Long Exit,17-07-2021 05:15,1.1986,33,0.08,0.2,7.49
377,Entry Short,Short,17-07-2021 07:30,1.1898,33,0.2,0.68,7.7
377,Exit Short,Short Exit,17-07-2021 07:35,1.1827,33,0.2,0.68,7.7
378,Entry Long,Long,17-07-2021 08:20,1.1823,33,-0.2,-0.51,7.5
378,Exit Long,Long Exit,17-07-2021 08:25,1.1772,33,-0.2,-0.51,7.5
379,Entry Long,Long,17-07-2021 09:40,1.1783,33,-0.5,-1.28,7
379,Exit Long,Long Exit,17-07-2021 10:40,1.1642,33,-0.5,-1.28,7
380,Entry Long,Long,17-07-2021 11:30,1.1507,34,0.11,0.28,7.11
380,Exit Long,Long Exit,17-07-2021 11:35,1.1548,34,0.11,0.28,7.11
381,Entry Short,Short,17-07-2021 12:50,1.1593,34,-0.15,-0.22,6.96
381,Exit Short,Short Exit,17-07-2021 13:00,1.1628,34,-0.15,-0.22,6.96
382,Entry Long,Long,17-07-2021 20:15,1.1565,34,-0.11,-0.29,6.84
382,Exit Long,Long Exit,17-07-2021 20:20,1.1541,34,-0.11,-0.29,6.84
383,Entry Long,Long,18-07-2021 16:10,1.1945,33,-0.1,-0.26,6.74
383,Exit Long,Long Exit,18-07-2021 16:20,1.1924,33,-0.1,-0.26,6.74
384,Entry Long,Long,18-07-2021 17:15,1.1947,33,0.09,0.24,6.84
384,Exit Long,Long Exit,18-07-2021 17:20,1.1985,33,0.09,0.24,6.84
385,Entry Short,Short,19-07-2021 07:15,1.1862,33,0.22,0.72,7.06
385,Exit Short,Short Exit,19-07-2021 07:20,1.1786,33,0.22,0.72,7.06
386,Entry Long,Long,19-07-2021 08:15,1.1758,34,0.11,0.27,7.16
386,Exit Long,Long Exit,19-07-2021 08:40,1.1799,34,0.11,0.27,7.16
387,Entry Short,Short,19-07-2021 09:05,1.1785,33,0.17,0.59,7.33
387,Exit Short,Short Exit,19-07-2021 09:35,1.1725,33,0.17,0.59,7.33
388,Entry Short,Short,19-07-2021 11:35,1.1664,34,-0.33,-0.67,7
388,Exit Short,Short Exit,19-07-2021 12:45,1.1751,34,-0.33,-0.67,7
389,Entry Short,Short,19-07-2021 13:00,1.1705,34,-0.14,-0.19,6.86
389,Exit Short,Short Exit,19-07-2021 13:05,1.1737,34,-0.14,-0.19,6.86
390,Entry Short,Short,19-07-2021 16:10,1.1846,33,-0.08,-0.06,6.78
390,Exit Short,Short Exit,19-07-2021 16:15,1.1862,33,-0.08,-0.06,6.78
391,Entry Short,Short,19-07-2021 16:30,1.1809,33,0.2,0.67,6.98
391,Exit Short,Short Exit,19-07-2021 17:35,1.1739,33,0.2,0.67,6.98
392,Entry Long,Long,19-07-2021 19:15,1.1687,34,-0.08,-0.19,6.9
392,Exit Long,Long Exit,19-07-2021 19:20,1.1674,34,-0.08,-0.19,6.9
393,Entry Long,Long,19-07-2021 21:20,1.155,34,-0.17,-0.43,6.73
393,Exit Long,Long Exit,19-07-2021 21:30,1.1509,34,-0.17,-0.43,6.73
394,Entry Long,Long,19-07-2021 23:10,1.1263,35,-0.37,-0.95,6.36
394,Exit Long,Long Exit,19-07-2021 23:20,1.1165,35,-0.37,-0.95,6.36
395,Entry Short,Short,20-07-2021 00:05,1.1228,35,-0.26,-0.5,6.1
395,Exit Short,Short Exit,20-07-2021 00:10,1.1293,35,-0.26,-0.5,6.1
396,Entry Short,Short,20-07-2021 00:30,1.1259,35,0.14,0.52,6.24
396,Exit Short,Short Exit,20-07-2021 00:55,1.121,35,0.14,0.52,6.24
397,Entry Long,Long,20-07-2021 01:30,1.119,35,-0.08,-0.21,6.16
397,Exit Long,Long Exit,20-07-2021 01:35,1.1175,35,-0.08,-0.21,6.16
398,Entry Short,Short,20-07-2021 02:50,1.1268,35,0.02,0.22,6.18
398,Exit Short,Short Exit,20-07-2021 02:55,1.1252,35,0.02,0.22,6.18
399,Entry Short,Short,20-07-2021 08:50,1.1254,35,0.23,0.75,6.41
399,Exit Short,Short Exit,20-07-2021 09:00,1.1179,35,0.23,0.75,6.41
400,Entry Short,Short,20-07-2021 09:50,1.1252,35,0.18,0.6,6.59
400,Exit Short,Short Exit,20-07-2021 09:55,1.1193,35,0.18,0.6,6.59
401,Entry Short,Short,20-07-2021 14:40,1.0558,37,-0.31,-0.62,6.28
401,Exit Short,Short Exit,20-07-2021 15:00,1.0632,37,-0.31,-0.62,6.28
402,Entry Short,Short,20-07-2021 15:25,1.059,37,-0.25,-0.49,6.03
402,Exit Short,Short Exit,20-07-2021 15:45,1.065,37,-0.25,-0.49,6.03
403,Entry Short,Short,20-07-2021 17:10,1.059,37,0.28,0.88,6.31
403,Exit Short,Short Exit,20-07-2021 17:40,1.0505,37,0.28,0.88,6.31
404,Entry Long,Long,20-07-2021 18:15,1.0425,38,0.03,0.06,6.34
404,Exit Long,Long Exit,20-07-2021 18:20,1.044,38,0.03,0.06,6.34
405,Entry Long,Long,20-07-2021 19:15,1.0222,39,0.17,0.43,6.51
405,Exit Long,Long Exit,20-07-2021 19:20,1.0274,39,0.17,0.43,6.51
406,Entry Short,Short,20-07-2021 23:50,1.0452,38,-0.21,-0.38,6.29
406,Exit Short,Short Exit,20-07-2021 23:55,1.05,38,-0.21,-0.38,6.29
407,Entry Long,Long,21-07-2021 10:10,1.0464,38,-0.28,-0.7,6.01
407,Exit Long,Long Exit,21-07-2021 10:15,1.0399,38,-0.28,-0.7,6.01
408,Entry Long,Long,22-07-2021 05:55,1.154,34,0.05,0.12,6.06
408,Exit Long,Long Exit,22-07-2021 06:00,1.1563,34,0.05,0.12,6.06
409,Entry Short,Short,22-07-2021 08:00,1.1628,34,0.03,0.24,6.09
409,Exit Short,Short Exit,22-07-2021 08:05,1.1609,34,0.03,0.24,6.09
410,Entry Long,Long,23-07-2021 06:20,1.1852,33,-0.11,-0.28,5.98
410,Exit Long,Long Exit,23-07-2021 06:25,1.1828,33,-0.11,-0.28,5.98
411,Entry Long,Long,23-07-2021 18:20,1.182,33,-0.14,-0.35,5.85
411,Exit Long,Long Exit,23-07-2021 18:30,1.1788,33,-0.14,-0.35,5.85
412,Entry Long,Long,23-07-2021 19:25,1.1702,34,0.03,0.08,5.88
412,Exit Long,Long Exit,23-07-2021 19:30,1.1721,34,0.03,0.08,5.88
413,Entry Short,Short,23-07-2021 20:35,1.1739,34,0.23,0.74,6.11
413,Exit Short,Short Exit,23-07-2021 21:00,1.1662,34,0.23,0.74,6.11
414,Entry Long,Long,23-07-2021 21:30,1.1684,34,0.07,0.17,6.18
414,Exit Long,Long Exit,23-07-2021 21:35,1.1713,34,0.07,0.17,6.18
415,Entry Short,Short,24-07-2021 03:40,1.1537,34,0.14,0.52,6.32
415,Exit Short,Short Exit,24-07-2021 03:45,1.1486,34,0.14,0.52,6.32
416,Entry Short,Short,24-07-2021 04:25,1.152,34,-0.13,-0.17,6.19
416,Exit Short,Short Exit,24-07-2021 04:30,1.1549,34,-0.13,-0.17,6.19
417,Entry Short,Short,24-07-2021 05:00,1.1562,34,-0.13,-0.17,6.06
417,Exit Short,Short Exit,24-07-2021 05:05,1.1591,34,-0.13,-0.17,6.06
418,Entry Long,Long,25-07-2021 05:45,1.2131,32,0.12,0.31,6.18
418,Exit Long,Long Exit,25-07-2021 05:50,1.2178,32,0.12,0.31,6.18
419,Entry Long,Long,25-07-2021 11:20,1.2137,32,0.17,0.43,6.34
419,Exit Long,Long Exit,25-07-2021 11:55,1.2199,32,0.17,0.43,6.34
420,Entry Long,Long,25-07-2021 20:20,1.2211,32,-0.12,-0.3,6.23
420,Exit Long,Long Exit,25-07-2021 20:25,1.2184,32,-0.12,-0.3,6.23
421,Entry Long,Long,25-07-2021 21:35,1.2199,32,-0.2,-0.51,6.03
421,Exit Long,Long Exit,25-07-2021 21:40,1.2147,32,-0.2,-0.51,6.03
422,Entry Long,Long,25-07-2021 22:50,1.2111,33,-0.17,-0.42,5.86
422,Exit Long,Long Exit,25-07-2021 23:00,1.207,33,-0.17,-0.42,5.86
423,Entry Short,Short,26-07-2021 01:05,1.2027,33,0.09,0.4,5.96
423,Exit Short,Short Exit,26-07-2021 01:10,1.1989,33,0.09,0.4,5.96
424,Entry Long,Long,26-07-2021 02:15,1.1992,33,0.09,0.24,6.05
424,Exit Long,Long Exit,26-07-2021 02:20,1.203,33,0.09,0.24,6.05
425,Entry Long,Long,26-07-2021 22:35,1.3261,30,-0.005,-0.01,6.04
425,Exit Long,Long Exit,26-07-2021 22:40,1.327,30,-0.005,-0.01,6.04
426,Entry Long,Long,26-07-2021 23:15,1.3295,30,-0.16,-0.4,5.89
426,Exit Long,Long Exit,26-07-2021 23:30,1.3253,30,-0.16,-0.4,5.89
427,Entry Long,Long,27-07-2021 07:00,1.2598,31,0.31,0.78,6.19
427,Exit Long,Long Exit,27-07-2021 07:05,1.2707,31,0.31,0.78,6.19
428,Entry Short,Short,27-07-2021 08:10,1.257,31,0.37,1.11,6.57
428,Exit Short,Short Exit,27-07-2021 09:10,1.244,31,0.37,1.11,6.57
429,Entry Long,Long,27-07-2021 12:20,1.2227,32,0.17,0.43,6.73
429,Exit Long,Long Exit,27-07-2021 12:25,1.2289,32,0.17,0.43,6.73
430,Entry Short,Short,27-07-2021 13:05,1.2239,32,-0.3,-0.61,6.43
430,Exit Short,Short Exit,27-07-2021 13:10,1.2324,32,-0.3,-0.61,6.43
431,Entry Short,Short,27-07-2021 13:30,1.2279,32,-0.28,-0.56,6.14
431,Exit Short,Short Exit,27-07-2021 13:45,1.2358,32,-0.28,-0.56,6.14
432,Entry Long,Long,28-07-2021 02:15,1.2456,32,0.14,0.35,6.28
432,Exit Long,Long Exit,28-07-2021 02:40,1.2509,32,0.14,0.35,6.28
433,Entry Short,Short,28-07-2021 04:20,1.2472,32,-0.23,-0.41,6.05
433,Exit Short,Short Exit,28-07-2021 04:30,1.2533,32,-0.23,-0.41,6.05
434,Entry Short,Short,28-07-2021 05:00,1.2434,32,-0.54,-1.19,5.52
434,Exit Short,Short Exit,28-07-2021 05:05,1.2592,32,-0.54,-1.19,5.52
435,Entry Long,Long,28-07-2021 23:20,1.2861,31,-0.15,-0.38,5.36
435,Exit Long,Long Exit,28-07-2021 23:30,1.2822,31,-0.15,-0.38,5.36
436,Entry Short,Short,29-07-2021 02:05,1.3004,30,-0.17,-0.27,5.2
436,Exit Short,Short Exit,29-07-2021 02:10,1.3049,30,-0.17,-0.27,5.2
437,Entry Short,Short,29-07-2021 07:05,1.2803,31,-0.14,-0.19,5.06
437,Exit Short,Short Exit,29-07-2021 07:10,1.2838,31,-0.14,-0.19,5.06
438,Entry Short,Short,29-07-2021 07:30,1.2852,31,0.02,0.2,5.08
438,Exit Short,Short Exit,29-07-2021 07:35,1.2836,31,0.02,0.2,5.08
439,Entry Short,Short,29-07-2021 09:05,1.2771,31,-0.38,-0.79,4.7
439,Exit Short,Short Exit,29-07-2021 09:10,1.2882,31,-0.38,-0.79,4.7
440,Entry Short,Short,29-07-2021 09:25,1.2805,31,0.24,0.77,4.94
440,Exit Short,Short Exit,29-07-2021 09:45,1.2717,31,0.24,0.77,4.94
441,Entry Short,Short,29-07-2021 20:40,1.2729,31,0.28,0.86,5.22
441,Exit Short,Short Exit,29-07-2021 20:45,1.263,31,0.28,0.86,5.22
442,Entry Long,Long,29-07-2021 21:30,1.2694,31,0.17,0.43,5.39
442,Exit Long,Long Exit,29-07-2021 22:10,1.2759,31,0.17,0.43,5.39
